subject,method,band,var,mean,var_demean
003,avmd,ULF,0.0016916435622470994,-1.1348946473946044e-16,0.0016916435622470994
003,avmd,VLF,0.0005399422891999642,-1.4648776019359704e-18,0.0005399422891999642
003,avmd,LF,0.0003434246294693685,-2.235865813481218e-19,0.0003434246294693685
003,avmd,HF,0.00013646390604035903,-1.2528558437610272e-19,0.00013646390604035903
